Rank,Name,Overall_Score,Category,Description,data_integration,analytics_capability,visualization,accessibility,scalability,documentation,community_support,security_compliance,interoperability,real_time_capability,Strengths,Weaknesses
1,"Nextstrain",95,"Phylogenetic Analysis & Visualization","Real-time tracking of pathogen evolution",96,97,98,94,93,95,96,91,95,97,"Real-time phylogenetic analysis; Open-source with active community; Excellent visualization; Strong genomic epidemiology tools; Global pathogen tracking","Steep learning curve; Limited clinical data integration"
2,"outbreak.info",90,"Epidemiological Data Aggregation","Standardized access to epidemiological and genomic data",93,90,92,91,88,90,89,87,92,90,"Comprehensive data aggregation; Strong API; Variant tracking; Open data","COVID-19 focused; Limited offline"
3,"SORMAS",90,"Surveillance & Outbreak Response","End-to-end outbreak management and analysis",91,89,87,92,91,90,91,93,88,89,"End-to-end outbreak management; Mobile application; Strong case management; WHO-recommended","Complex setup; Resource-intensive"
4,"DHIS2",89,"Health Information Management","World's largest health management information system",92,88,89,93,94,91,93,86,90,84,"100+ country deployment; Highly customizable; Strong community; Mobile-friendly","Limited genomic integration; Customization complexity"
5,"NCBI Pathogen Detection",88.9,"Genomic Pathogen Detection","Identifying and clustering closely related pathogen genomes",91,92,85,88,92,89,87,90,91,86,"Massive genomic database; Automated clustering; NCBI integration; Standardized pipeline","US-centric; Limited custom analysis"
6,"GISAID",88.5,"Genomic Data Sharing","Largest repository of influenza and SARS-CoV-2 sequences",90,86,87,85,93,87,90,92,86,91,"Largest sequence repo; Rapid data sharing; Global coverage","Restricted access; Limited tools"
7,"Microreact",87.5,"Genomic Epidemiology Visualization","Open-source genomic epidemiology data visualization",86,85,95,92,84,87,85,84,88,82,"Excellent visualization; Easy sharing; Phylogenetic integration","Limited analytics; Smaller datasets"
8,"Pathogenwatch",87,"Pathogen Genomic Analysis","Genomic surveillance of bacterial pathogens",87,89,88,90,83,86,84,85,87,85,"Automated analysis; AMR prediction; MLST typing; Browser-based","Limited organisms; Database dependent"
9,"Galaxy Project",86.5,"Bioinformatics Workflow Platform","Accessible, reproducible computational research",88,91,84,89,86,88,92,80,85,78,"Extensive tool library; Reproducible workflows; Training resources; Large community","General-purpose; Resource-intensive"
10,"EpiCollect5",86,"Mobile Data Collection","Free mobile data collection for field epidemiology",84,80,82,93,85,88,86,84,86,88,"Mobile support; Offline capability; Free; Easy form builder","Limited analytics; Basic visualization"
11,"Airfinity",85.5,"AI Health Analytics & Disease Forecasting","AI-enabled health analytics platform covering 160+ infectious diseases with real-time forecasting and biorisk surveillance",89,91,84,78,87,83,76,86,83,90,"160+ disease coverage; Proven forecast accuracy (outperformed market consensus); Used by ~10 governments; 1B+ data points integrated; Always-on predictive modeling; ML-augmented SIR models; One Health multi-source intelligence; Biorisk outbreak risk index","Commercial subscription only; Proprietary algorithms; No free academic tier; Limited independent validation; Not a bioinformatics/genomic tool"
12,"HealthMap",85.5,"Disease Intelligence","",87,84,88,86,84,83,84,83,85,89,"Automated news monitoring; Real-time intelligence; Global","Unstructured data; Signal-to-noise"
12,"ProMED",85,"Event-Based Surveillance","",83,81,78,90,86,85,88,82,84,91,"Expert-curated; Long history; Email-based","Limited tools; Manual curation"
13,"OpenELIS",84.5,"Laboratory Information System","",86,83,80,85,85,84,83,88,87,82,"Open-source LIMS; HL7/FHIR; Multi-lab","Complex deployment; Technical expertise needed"
14,"WHONET",84,"AMR Surveillance","",85,86,82,84,82,86,85,83,84,80,"WHO-supported; Standardized analysis; Global AMR","Desktop-based; Limited web"
15,"ReportStream",83.5,"Data Exchange Pipeline","",88,79,75,82,88,85,82,90,90,84,"CDC infrastructure; HL7/FHIR native; Automated routing","US-focused; Limited analytics"
16,"BioNumerics",83,"Bioinformatics Suite","",84,88,85,78,81,84,80,84,82,79,"Comprehensive suite; WGS typing; Database mgmt","Commercial; High cost"
17,"EnteroBase",82.5,"Bacterial Genomic Database","",85,84,83,81,83,82,81,80,83,80,"Large curated DB; Automated MLST; Phylogenetic tools","Limited genera; Complex UI"
18,"IRIDA",82,"Genomic Epidemiology Platform","",83,84,80,82,82,83,80,83,82,79,"Integrated pipelines; Galaxy integration","Regional focus; Setup complexity"
19,"PHE Sequence Pipeline",81.5,"National Sequencing Pipeline","",83,83,79,78,84,81,79,86,82,81,"National-scale; Standardized workflows; Regulatory","UK-specific; Limited access"
20,"GLASS (WHO)",81,"Global AMR Surveillance","",84,80,79,83,85,82,83,84,80,76,"WHO-led; Standardized AMR reporting; Country-level","Aggregated only; Reporting delays"
21,"PulseNet",80.5,"Foodborne Disease Surveillance","",82,82,78,79,83,81,80,85,81,82,"Established network; WGS integration","US focus; Restricted access"
22,"Auspice",80,"Phylogenetic Visualization","",79,78,94,83,78,80,81,76,80,77,"Beautiful visualizations; Nextstrain ecosystem; Interactive","Visualization only; Pre-processed data needed"
23,"Terra",79.5,"Cloud Bioinformatics","",82,84,76,77,85,80,79,82,78,74,"Cloud-native; Scalable; WDL workflows","Google Cloud dependency; Learning curve"
24,"CoVariants",79,"Variant Tracking","",80,78,85,84,76,78,77,75,78,80,"Clear variant viz; Mutation tracking; Public-accessible","SARS-CoV-2 specific; Limited analysis"
25,"Pangolin",78.5,"Lineage Classification","",77,82,74,80,79,80,82,75,79,78,"Standard classification; Rapid updates; CLI & web","SARS-CoV-2 only; Classification lag"
26,"Nextclade",78,"Sequence Analysis","",76,80,82,83,75,79,78,74,77,79,"Fast clade assignment; QC; Browser-based","Limited pathogens; Basic analysis"
27,"SAP",77.5,"Regional Surveillance","",78,76,77,78,78,77,76,79,76,77,"Regional coordination; Multi-country sharing","Regional only; Variable quality"
28,"COG-UK",77,"National Genomic Consortium","",80,79,76,75,80,77,76,80,75,76,"National sequencing; Academic-PH collaboration","UK-specific; COVID origins"
29,"INSaFLU",76.5,"Influenza Genomic Analysis","",77,78,76,78,74,77,74,76,76,75,"Influenza-specific; Web-based; Easy to use","Influenza/SARS-CoV-2 only; Limited scalability"
30,"GECO (ECDC)",76,"EU Genomic Surveillance","",78,76,75,76,77,76,75,79,75,74,"EU coordination; Standardized; ECDC backing","EU-focused; Developing"
31,"EpiVerse",75.5,"R Package Ecosystem","",76,79,74,73,74,78,76,72,75,73,"Modular R packages; Open-source; Training","R knowledge required; Fragmented"
32,"EpiTrax",75,"Disease Surveillance System","",76,74,73,77,76,75,73,78,74,74,"Case management; State-level; Integration","US state-focused; Legacy arch"
33,"Go.Data (WHO)",74.5,"Outbreak Investigation","",75,73,74,77,74,76,75,76,73,73,"WHO-supported; Contact tracing; Field-ready","Limited genomic; Outbreak-specific"
34,"EMPRES-i (FAO)",74,"Animal Disease Surveillance","",75,72,76,76,73,74,72,75,73,74,"Animal disease focus; FAO network; One Health","Animals only; Inconsistencies"
35,"Epi Info (CDC)",73.5,"Epidemiological Analysis","",74,76,71,75,71,77,74,74,72,70,"Free CDC tool; Survey capabilities; Statistical analysis","Windows only; Dated interface"
36,"WAHIS (WOAH)",73,"Animal Health","",74,71,73,74,74,73,72,75,72,73,"Official animal health; Global; Regulatory","Animals only; Delays"
37,"GenomeTrakr",72.5,"FDA Genomic Network","",75,74,69,71,75,73,71,77,74,72,"FDA-managed; Food safety; NCBI integration","US regulatory; Limited public"
38,"OpenHIM",72,"Health Information Exchange","",76,68,67,72,74,73,72,76,78,70,"Health mediator; OpenHIE; Interoperability","Middleware only; Requires ecosystem"
39,"Sitrep",71.5,"Situation Reporting","",71,73,72,70,70,73,71,70,71,71,"R-based reporting; MSF/WHO templates","R dependency; Limited non-R"
40,"MedStar",71,"Clinical Surveillance","",73,71,70,71,71,70,69,74,72,70,"Clinical integration; EHR connectivity","Commercial; Limited PH"
41,"EIDSS",70.5,"Integrated Surveillance","",72,71,69,70,71,70,68,73,71,70,"Integrated human-animal; One Health","Limited deployment; Regional"
42,"CanPath",70,"Population Cohort","",72,70,68,71,70,71,69,73,69,67,"Large cohort; Longitudinal","Canada-specific; Research focus"
43,"SatScan",69.5,"Spatial Cluster Detection","",69,76,68,69,68,72,70,67,68,67,"Spatial-temporal; Cluster detection; Statistical rigor","Desktop only; Dated UI"
44,"QGIS Health",69,"GIS for Health","",70,72,74,68,67,71,73,64,69,63,"Powerful GIS; Open-source; Plugins","Not health-specific; Steep learning curve"
45,"FluNet (WHO)",68.5,"Influenza Surveillance","",71,67,70,72,69,69,68,70,67,68,"WHO global influenza; Long time series","Influenza only; Basic tools"
46,"EIOS (WHO)",68,"Epidemic Intelligence","",70,67,66,69,70,68,67,71,66,69,"WHO-led; Multi-source monitoring","Restricted access; Limited public"
47,"ECDC Hub",67.5,"EU Disease Surveillance","",69,67,68,68,68,68,67,70,67,66,"EU standardized; Cross-border","EU only; Reporting lag"
48,"ABIS",67,"Biosurveillance Analytics","",68,69,66,66,67,67,65,69,66,67,"Integrated biosurveillance","Commercial; Limited transparency"
49,"Disease.sh",66.5,"Disease Data API","",70,63,62,73,66,68,67,61,70,66,"Free API; Easy integration","Limited analysis; Aggregation only"
50,"Africa CDC ARES",66,"Continental Surveillance","",67,65,66,67,66,66,66,67,65,65,"Africa-focused; Continental coordination","Developing; Limited resources"
51,"BioPortal (PR)",65.5,"Territorial Surveillance","",66,64,67,67,64,65,63,68,64,66,"Public data; Testing integration","Territory-specific; Limited scope"
52,"CIVET",65,"Cluster Investigation","",65,67,66,64,63,66,65,62,64,64,"Cluster investigation; ARTIC network","CLI tool; SARS-CoV-2 focused"
53,"Prion Surveillance",64,"Prion Disease Surveillance","",64,64,62,65,63,66,63,67,62,62,"Specialized prion focus; Long-term","Very niche; Limited scope"
54,"RESAOLAB",63,"Lab Network (W. Africa)","",64,62,61,64,63,63,63,64,63,62,"West African labs; Capacity building","Regional only; Resource constraints"
55,"OpenMRS",62,"Medical Records Surveillance","",64,61,60,64,63,64,65,63,63,58,"Open-source EMR; Low-resource settings","Not surveillance-specific; Needs customization"
56,"Dashboard Template",60,"Dashboard Template","",61,59,65,62,58,61,58,58,59,57,"Customizable; Open-source; Quick deploy","Template only; Requires dev; Limited features"
57,"CZ ID",89.2,"Metagenomic Pathogen Detection","Chan Zuckerberg metagenomic pathogen detection and discovery platform",91,92,88,90,89,88,87,90,88,86,"Automated metagenomic analysis; No-code browser-based; Comprehensive pathogen DB; Free for researchers; AMR detection","Cloud dependency; Limited custom pipelines"
58,"BV-BRC",86,"Bacterial & Viral Bioinformatics Resource","Integrated bacterial and viral bioinformatics resource center (formerly PATRIC + IRD/ViPR)",89,88,84,87,86,86,85,84,87,82,"Massive integrated DB; Comprehensive analysis services; NIAID-funded; Free access; Genome annotation","Complex interface; Steep learning curve"
59,"BioSense / ESSENCE",87.2,"Syndromic Surveillance","National Syndromic Surveillance Program with ESSENCE analytics engine",90,88,86,84,90,86,85,91,87,90,"National-scale syndromic surveillance; Real-time anomaly detection; ED visit monitoring; CDC-supported infrastructure","US-only; Requires data-use agreements; Complex onboarding"
60,"NWSS",86.2,"Wastewater Surveillance","National Wastewater Surveillance System for pathogen monitoring in municipal wastewater",88,86,85,86,87,85,84,88,85,88,"Population-level monitoring; Multi-pathogen detection; Non-invasive surveillance; CDC coordination; Public dashboard","US-focused; Infrastructure requirements; Interpretation challenges"
61,"Pathoplexus",85.6,"Genomic Data Sharing","Next-generation open pathogen sequence data sharing platform",88,84,83,88,86,84,83,87,87,85,"Open data sharing; Modern architecture; FAIR principles; Global collaboration; API-first design","Early stage; Limited organism coverage; Building community"
62,"BlueDot",85,"AI Epidemic Intelligence","AI-powered infectious disease intelligence for early warning and prediction",88,89,84,80,86,82,78,87,84,91,"AI-powered early detection; First to flag COVID-19; Mass gathering risk assessment; NLP multi-language scanning; Global flight data integration","Commercial platform; Limited public access; Proprietary algorithms"
63,"Ginkgo Biosecurity",84,"Integrated Biosurveillance","Comprehensive biosurveillance combining genomic and epidemiological intelligence",87,86,83,81,85,82,79,87,83,86,"Metagenomic wastewater analysis; Airport surveillance program; Integrated analytics; Government contracts","Commercial; Limited transparency; US-focused"
64,"CARD / RGI",84.5,"AMR Gene Database & Analysis","Comprehensive Antibiotic Resistance Database with Resistance Gene Identifier",86,87,82,85,84,86,84,82,85,79,"Curated AMR ontology; RGI analysis tool; Regularly updated; Free academic access; Extensive drug-resistance data","AMR-specific only; CLI complexity; Database dependency"
65,"CDC TGS",83.6,"Traveler Genomic Surveillance","CDC Traveler-based Genomic Surveillance for early detection of novel variants",85,84,81,80,84,83,81,88,83,86,"Airport-based surveillance; Novel variant detection; CDC infrastructure; Wastewater + clinical integration","US airports only; Limited pathogens; Government-access"
66,"NNDSS",83.5,"Notifiable Disease Reporting","National Notifiable Diseases Surveillance System for US reportable conditions",86,82,80,83,87,84,82,89,84,81,"National comprehensive coverage; Legal mandate; Standardized reporting; Long historical data","US-only; Reporting delays; Legacy systems"
67,"WastewaterSCAN",83.5,"Wastewater Epidemiology","Stanford-led national wastewater surveillance tracking 12+ infectious disease targets",85,84,84,85,83,82,81,83,82,85,"Multi-pathogen monitoring; Public dashboard; Academic rigor; Stanford-Emory partnership; Rapid target expansion","US coverage only; Infrastructure dependent; Research-focused"
68,"Bactopia",83.2,"Bacterial Genome Analysis Pipeline","Flexible pipeline for complete analysis of bacterial genomes using Nextflow",83,86,79,82,84,85,83,80,84,78,"Comprehensive bacterial analysis; Nextflow-based; Reproducible workflows; Active development; Multiple analysis modules","CLI-only; Requires compute infrastructure; Bacterial-specific"
69,"AMRFinderPlus",83,"AMR Gene Detection","NCBI tool for identifying antimicrobial resistance genes and mutations",84,85,78,83,83,84,82,83,84,79,"NCBI-maintained; Comprehensive AMR detection; Point mutations + genes; Regular DB updates; Standard reference tool","CLI-based; Limited visualization; Requires bioinformatics expertise"
70,"Biobot Analytics",82.8,"Wastewater Epidemiology","Commercial wastewater epidemiology platform for population health monitoring",84,83,83,82,83,81,79,84,81,84,"Commercial-grade platform; Multi-pathogen; City-level analytics; Opioid tracking; Government partnerships","Commercial/paid; US-focused; Proprietary methods"
71,"ResFinder",82.5,"AMR Gene Detection","Web-based tool for identification of acquired antimicrobial resistance genes",83,84,80,84,81,83,82,81,83,78,"Web-based AMR detection; DTU-maintained; Easy to use; Point mutation detection; Multiple input formats","Limited to acquired resistance; Web-only analysis; European focus"
72,"EPIWATCH",82,"AI Epidemic Intelligence","University of Sydney AI-powered open-source epidemic observatory",84,83,81,83,81,80,79,81,80,84,"AI-powered surveillance; Open-source intelligence; Academic-backed; Multi-language NLP; Early warning signals","Academic project; Limited integration; Developing platform"
73,"Taxonium",82,"Phylogenetic Visualization","Interactive exploration of extremely large phylogenetic trees in the browser",80,79,92,84,82,81,80,78,80,79,"Millions of sequences; Browser-based; Fast rendering; Public data integration; Open-source","Visualization-focused; Limited analysis; Data preparation needed"
74,"Seqera Platform",82,"Bioinformatics Workflow Management","Platform for managing Nextflow bioinformatics pipelines at scale (formerly Nextflow Tower)",83,84,79,80,86,83,84,82,83,78,"Nextflow ecosystem; nf-core pipelines; Cloud-native; Scalable; Enterprise-ready","Commercial tier; Nextflow-specific; Infrastructure requirements"
75,"Taxonium / Treenome Browser",79.8,"Genome-Phylogeny Visualization","Co-visualization of phylogenetic trees with genome data",79,78,89,81,79,78,77,76,78,77,"Unique co-visualization; Large tree support; Interactive browser-based","Niche use case; Limited analysis; Early development"
76,"Theiagen PHB",81,"Public Health Bioinformatics Toolkit","WDL workflows for genomic characterization and surveillance (TheiaCoV, TheiaProk, TheiaEuk)",82,83,77,80,82,82,81,80,81,78,"Public health focused; WDL workflows; Multi-pathogen support; Terra/Cromwell compatible; Active community","WDL expertise needed; Cloud dependency; US PH lab focus"
77,"BEAST2",81.6,"Bayesian Phylodynamics","Bayesian evolutionary analysis for molecular clock and phylodynamic inference",78,88,77,76,79,84,84,77,79,73,"Gold-standard phylodynamics; Bayesian framework; Extensible packages; Large academic community; Publication standard","Very steep learning curve; Computationally intensive; Not real-time"
78,"GLEWS+",81.4,"One Health Early Warning","FAO/WHO/WOAH Global Early Warning System for health threats at the human-animal-environment interface",83,80,79,79,82,80,79,83,81,82,"Tripartite One Health; Global event monitoring; Multi-sector intelligence; Expert risk assessment","Restricted access; Limited public tools; Institutional focus"
79,"PHoeNIx",81.2,"CDC WGS Pipeline","CDC pipeline for whole-genome sequencing analysis of bacterial isolates",82,83,77,79,82,81,80,83,81,78,"CDC-developed; Standardized WGS analysis; AMR detection; Species identification; Nextflow-based","Bacterial focus; CLI-only; US PH lab oriented"
80,"GrapeTree",79.4,"MST Visualization","Interactive visualization of minimum spanning trees for genomic epidemiology",78,77,86,80,78,79,77,76,78,75,"Interactive MST visualization; EnteroBase integration; Large dataset support; Open-source","Visualization-focused; Limited analysis; Niche tool"
81,"SNVPhyl",78.6,"SNP Phylogenomics","Canadian SNP-based phylogenomic pipeline for outbreak investigation",79,80,76,77,78,79,77,79,78,76,"SNP phylogenomics; Galaxy integration; Outbreak investigation; PHAC-developed","Galaxy dependency; Canadian focus; Limited to SNP analysis"
82,"Arvados",80,"Bioinformatics Infrastructure","Open-source platform for managing and analyzing large-scale biomedical data",81,82,75,78,83,80,78,82,80,76,"CWL workflow support; Data provenance; Scalable infrastructure; Open-source; Reproducible analysis","Infrastructure-focused; Setup complexity; General-purpose"
83,"One CDP",80.2,"Unified Data Modernization","CDC's Data Modernization Initiative for unified public health data infrastructure",84,79,78,79,83,79,78,84,82,78,"CDC data modernization; Cloud-based infrastructure; Interoperability focus; FHIR standards","Still developing; US-focused; Complex migration"
84,"APGI",75.8,"Regional Capacity Building","Asia Pathogen Genomics Initiative for regional genomic surveillance capacity",76,74,73,77,76,76,77,76,75,74,"Regional Asia focus; Capacity building; Multi-country collaboration; Training programs","Early stage; Limited tools; Regional only"
85,"Kraken2 / Bracken",81.5,"Metagenomic Taxonomic Classification","Ultra-fast taxonomic classification and abundance estimation for metagenomic data",80,85,74,80,84,83,84,78,82,80,"Ultra-fast classification; Standard reference tool; Large DB support; Bracken abundance estimation; Well-documented","CLI-only; Memory-intensive; No built-in visualization"
86,"One Codex",82,"Metagenomic Analysis Platform","Commercial cloud platform for microbial identification and AMR analysis",83,83,83,84,82,81,79,84,80,81,"User-friendly interface; Clinical-grade analysis; Comprehensive DB; Cloud-based; API access","Commercial platform; Limited free tier; Proprietary algorithms"
87,"ArboNET",80.5,"Arboviral Disease Surveillance","CDC national arboviral surveillance system tracking human, animal, and mosquito data",82,80,79,79,81,80,78,83,79,81,"Comprehensive arboviral tracking; Multi-species data; CDC infrastructure; Long-term data","US-focused; Passive surveillance; Limited genomic data"
88,"MalariaGEN",83,"Malaria Genomic Epidemiology","Global network for malaria genomic epidemiology with large-scale genetic data resources",85,84,82,83,83,83,82,83,82,80,"Massive genomic datasets; Global malaria focus; Drug resistance tracking; Open data; Partner network","Malaria-specific; Research-focused; Analysis complexity"
89,"Nucleic Acid Observatory",78,"Pathogen-Agnostic Metagenomic Surveillance","Metagenomic sentinel surveillance for early warning of catastrophic pandemics",79,80,75,76,78,78,77,79,77,80,"Pathogen-agnostic detection; Wastewater metagenomics; Novel threat discovery; CASPER platform; Peer-reviewed methods","Early stage; Research-focused; Limited public tools"
90,"PHA4GE",79.5,"Public Health Bioinformatics Standards","Public Health Alliance for Genomic Epidemiology developing data standards and pipelines",81,78,75,80,79,82,81,79,83,76,"Standards development; Global alliance; Interoperability focus; Context data specifications; Open community","Standards body (not tool); Implementation varies; Volunteer-driven"
91,"ARTIC Network",80,"Real-Time Genomic Epidemiology","Nanopore sequencing protocols and bioinformatics pipelines for outbreak genomics",80,82,77,81,79,82,82,78,80,83,"Field-deployable protocols; Nanopore sequencing focus; Outbreak-ready; Open protocols; CIVET tool","Protocol-focused; Nanopore-specific; Requires wet-lab expertise"
92,"Project Tycho",77.5,"Historical Disease Data","Open repository of US and global disease surveillance data spanning over a century",80,76,77,80,76,78,76,77,77,70,"Historical disease data; Century+ time series; Open access; Research standard; Well-structured API","Historical focus; Limited real-time; US-centric data"
93,"MetaPhlAn 4",80,"Metagenomic Species Profiling","Computational tool for profiling microbial communities from metagenomic shotgun sequencing",80,83,76,79,80,82,81,78,80,76,"Precise species profiling; Marker-gene based; Low false positives; bioBakery integration; Well-validated","CLI-only; Database-dependent; Limited strain resolution"
94,"Vivli AMR Register",78,"AMR Surveillance Data Sharing","Global platform for sharing antimicrobial resistance surveillance data from pharma partners",80,77,76,78,78,79,77,81,77,74,"Multi-pharma AMR data; Annual data challenges; Secure sharing; Global coverage; Research-enabling","Application required; Limited real-time; AMR-specific"
95,"CEIRR / iDPCC",79,"Respiratory Pathogen Research Network","Centers of Excellence for Influenza Research and Response / Influenza Data Processing Coordination Center",81,80,77,77,79,79,78,80,78,77,"NIH-funded network; Influenza expertise; Data coordination; Research infrastructure","Research-focused; Influenza-specific; Limited public access"
96,"Solu",82,"Cloud Genomic Pathogen Surveillance","Cloud-based, no-code genomic pathogen surveillance platform from Israel",83,84,83,85,81,80,76,84,80,82,"No-code browser-based; HIPAA-compliant; Real-time dashboards; Taxonomy + AMR + phylogenetics; Free for academics; Short & long read support","Early-stage platform; Limited community; Small team"
97,"HESN",79,"National Disease Surveillance","Saudi Arabia Health Electronic Surveillance Network for notifiable diseases and Hajj monitoring",82,78,76,74,83,76,72,85,78,83,"Nationwide coverage; MERS-CoV proven; Hajj mass-gathering surveillance; 23M+ registered users; Real-time alerting","Government-only access; No genomics component; Arabic-primary interface; Not publicly available"
98,"HHIS / HEWS",77.5,"Mass Gathering Disease Surveillance","Harmonized Hajj Health Information System with Health Early Warning System for Hajj/Umrah",79,77,76,73,79,75,73,80,76,81,"Mass gathering specialist; 2-3M pilgrim monitoring; Syndromic + indicator-based; WHO EMRO partnership; Proven during pandemics","Seasonal use only; Government-restricted; Limited outside Hajj context; No genomic capability"
99,"Tawakkalna",76,"National Digital Health & Pandemic Response","Saudi AI-powered national digital health and pandemic management platform (SDAIA)",78,75,77,80,80,74,73,79,75,79,"20M+ users; AI-powered contact tracing; Immunity passport; GPS monitoring; Rapid pandemic deployment","COVID-era focus; Limited to Saudi; Surveillance concerns; Not bioinformatics-focused"
100,"KAUST PGL / AssayM",73,"Pathogen Genomics Research Tools","KAUST Pathogen Genomics Lab tools including AssayM for RT-PCR primer surveillance",74,76,72,73,72,73,71,72,73,72,"Research-grade bioinformatics; AssayM primer tracking; 892+ SARS-CoV-2 genomes sequenced; KAUST academic excellence","Research tools only; Limited user base; Not production platform; Small team"
101,"Saudi AMR Surveillance",75,"National AMR Surveillance","Saudi national antimicrobial resistance monitoring program aligned with WHO GLASS",76,74,73,72,76,74,72,78,75,74,"WHO-aligned; National coverage; Hospital integration; GLASS-compatible reporting","Government-internal; No public platform; Limited genomic component; Early maturity"
102,"EWARN (WHO EMRO)",75,"Crisis Zone Early Warning","Early Warning Alert and Response Network for emergency/crisis surveillance in MENA region",77,74,73,74,76,75,74,77,75,78,"Crisis-zone surveillance; WHO EMRO coordination; Multi-country deployment; Emergency-ready; Yemen/Syria/Iraq coverage","Emergency-only use; Syndromic data only; No genomics; Resource-constrained settings"
103,"DARPA P3 (Pandemic Prevention Platform)",84,"Military Pandemic Countermeasure R&D","DARPA program to develop platform that can halt any viral pandemic within 60 days using nucleic acid-encoded medical countermeasures",82,86,78,68,85,80,72,95,76,88,"60-day pandemic prevention goal; DNA/RNA-encoded countermeasures; Rapid discovery-to-deployment pipeline; Duke/DHVI partnership; DoD funded","Classified elements; Not publicly accessible; Research program not operational platform; Limited transparency"
104,"DARPA PREEMPT",82.5,"Military Zoonotic Spillover Prevention","PREventing EMerging Pathogenic Threats - aims to predict and prevent zoonotic spillover events before they reach human populations",84,86,78,66,82,79,71,93,77,85,"Spillover prediction models; Animal-to-human transmission prevention; $9.37M UC Davis award; Nature-published research; Force protection focus","Research-stage program; Self-spreading vaccine controversy; Limited public access; Military-only outputs"
105,"DARPA ADEPT",81,"Military Autonomous Diagnostics","Autonomous Diagnostics to Enable Prevention and Therapeutics - rapid troop-level diagnostic platform development",80,83,76,65,83,78,68,94,76,86,"Point-of-need diagnostics; Force health protection; Rapid pathogen identification; Nucleic acid-based detection; Field-deployable systems","Defense-restricted access; Not commercial platform; Prototype stage technologies; Limited peer review"
106,"DARPA NOW",79,"Mobile Medical Countermeasure Manufacturing","Nucleic acids On-demand Worldwide - mobile platform for rapid field production of nucleic acid medical countermeasures",76,80,72,62,81,76,65,93,74,83,"Mobile MCM manufacturing; Deployable to any location; 60-day response capability; Nucleic acid therapeutics; Field-forward production","Highly classified; Not a surveillance platform; Manufacturing focus; Small scale"
107,"DARPA INTERCEPT",79.5,"Adaptive Bio-Countermeasures","INTERfering and Co-Evolving Prevention and Therapy - uses viral evolution to create adaptive medical countermeasures",78,82,74,63,80,77,66,93,75,82,"Evolutionary countermeasure design; Adaptive therapeutics; Viral co-evolution modeling; Defense applications","Research-stage only; Highly specialized; No public interface; Limited documentation"
108,"DARPA Safe Genes",80.5,"Gene Drive Biosecurity & Biodefense","Program creating biological capabilities to protect against accidental or intentional misuse of genome editing technologies",79,83,75,66,81,80,72,94,76,78,"Gene drive safety controls; Anti-CRISPR countermeasures; Biosecurity against genome editing misuse; Force protection applications; Strong academic partnerships","Not operational platform; Research program; Limited public outputs; Dual-use concerns"
109,"DARPA ECHO",78.5,"WMD Exposure Detection","Epigenetic CHaracterization and Observation - detects prior WMD exposure through epigenetic signatures",77,82,73,62,78,76,64,95,74,76,"Novel epigenetic biomarkers; WMD exposure forensics; Retroactive threat detection; Intelligence applications","Highly classified applications; Not real-time surveillance; Experimental stage; No public access"
110,"DARPA RTA",78,"Rapid Biological Threat Characterization","Rapid Threat Assessment - speeds production of medical countermeasures for US forces by rapidly characterizing unknown bio-agents",77,80,72,61,79,76,65,94,73,80,"Rapid unknown agent characterization; MCM production acceleration; Critical intel for force health; Defense-wide application","Classified research; Not accessible platform; Military-only use; Characterization not surveillance"
111,"BSVE (Biosurveillance Ecosystem)",82,"Military Integrated Biosurveillance","DTRA Biosurveillance Ecosystem - multi-source disease forecasting platform correlating epidemiological, environmental, and social data for military operations",86,84,80,68,84,79,72,95,80,84,"Multi-domain data correlation; Disease prediction & forecasting; Operational since 2015; Defense-wide user base; DTRA-funded","Government-restricted access; Aging interface; Limited external collaboration; Heavy security requirements"
112,"GEIS (Global Emerging Infections Surveillance)",85,"DoD Global Disease Surveillance Network","Defense Health Agency program providing global biosurveillance through network of military laboratories in 30+ countries since 1997",87,85,82,72,88,84,80,93,83,86,"30+ country network since 1997; USAMRIID/WRAIR/NAMRU partnerships; Force health protection; African Lion 2025 demonstrated; DHA-funded operational program","Military-access primarily; Government bureaucracy; Slow innovation cycle; Relies on partner nation cooperation"
113,"F-FAST / FFBS",81,"Far-Forward Biological Sequencing","DEVCOM CBC/DTRA far-forward portable nanopore sequencing system for pathogen-agnostic identification in field operations",78,83,75,65,79,78,70,94,77,86,"Field-deployable nanopore sequencing; Pathogen-agnostic identification; Handheld bioinformatics; Special Operations proven; Program of record 2025","Military-only access; Requires trained operators; Limited throughput; Consumables logistics"
114,"USAMRIID Biosurveillance",84,"Military Biodefense Research & Surveillance","US Army Medical Research Institute of Infectious Diseases - premier military biodefense laboratory at Fort Detrick with BSL-4 capabilities",85,87,80,66,83,83,78,96,80,84,"BSL-4 maximum containment; Select agent expertise; African Lion biosurveillance deployments; MIP detection technology; 60+ year legacy","Military-restricted; Security clearance required; Not a public platform; Limited data sharing"
115,"JBPDS (Joint Biological Point Detection System)",76,"Military Automated Bio-Agent Detection","JPEO-CBRND automated airborne biological agent detection system deployed on ships and installations for continuous monitoring",74,76,72,62,78,75,68,93,73,80,"Automated continuous monitoring; Shipboard and installation deployment; Four bio-agent classes detected; Enhanced Maritime upgrade 2025; Real-time alerting","False alarm rate concerns; Aging technology; No genomic identification; Detection only not characterization"
116,"DTRA BTRP",80,"Global Cooperative Biological Threat Reduction","Biological Threat Reduction Program - strengthens partner nation biosurveillance and biosecurity across 30+ countries to prevent BW proliferation",82,78,74,70,85,80,78,90,80,76,"30+ partner nations; Lab infrastructure upgrades; Biosurveillance capacity building; BW proliferation prevention; $300M+ annual budget","Capacity building not platform; Government-to-government; Politically sensitive; Variable partner commitment"
117,"NBIC (National Biosurveillance Integration Center)",78,"DHS Integrated Biosurveillance","DHS center integrating human, animal, plant, and environmental biosurveillance data through Biofeeds system for national biodefense",83,77,74,65,80,76,70,90,78,77,"Multi-domain integration (One Health); Biofeeds data tool; DHS operational center; National-level threat picture; Interagency coordination","GAO-identified challenges; Integration gaps; Limited transparency; Bureaucratic overhead"
118,"BioWatch",75.5,"National Aerosol Bio-Detection Network","DHS nationwide air-sampling network in 30+ US cities for early detection of aerosolized biological attacks",74,73,70,60,78,74,66,90,72,76,"30+ US cities coverage; Continuous air sampling; Post-9/11 national program; EPA/CDC collaboration; Early warning mission","High false-positive rate; Aging Gen-2 technology; $80M+ annual cost; Criticized in GAO reports; Detection lag"
119,"NBACC",80.5,"National Biodefense Analysis & Bioforensics","DHS National Biodefense Analysis and Countermeasures Center - BSL-3/4 facility for bio-threat characterization and bioforensic analysis",80,83,76,62,79,79,72,96,77,78,"BSL-4 bioforensics capability; Threat characterization; Attribution analysis; National biodefense mandate; Battelle-operated","DHS-restricted access; Not a surveillance platform; Analysis center not real-time; High security barrier"
120,"IARPA B24IC",77.5,"Intelligence Community Bio-Intelligence","IARPA Biointelligence & Biosecurity Innovation Center - developing methods to detect, collect, analyze & prevent biological threats including AI-bio risks",78,80,72,58,77,74,63,95,73,76,"IC bio-intelligence mission; AI-bio dual-use threat analysis; Novel detection methods; DNI/IARPA funded; BENGAL program for AI bio-risk","Classified program; No public platform; Intelligence community only; Very limited transparency"
121,"Project BioShield / BARDA",81.5,"National Medical Countermeasure Procurement","HHS/ASPR program providing $5.6B+ in funding to incentivize private-sector MCM development against CBRN threats",79,78,76,74,84,82,76,90,80,74,"$5.6B+ authorized funding; Private sector MCM incentives; CBRN threat coverage; 20+ year program history; National strategic reserve pipeline","Procurement not surveillance; Slow development cycles; Political funding variability; Not a technology platform"
122,"GHS Index",83,"Global Health Security Assessment","NTI & Johns Hopkins benchmarking of 195 countries on health security and biodefense preparedness across 6 categories",85,82,84,88,85,86,80,82,80,72,"195-country coverage; NTI + JHU collaboration; Transparent methodology; Policy impact; Publicly accessible data","Assessment not surveillance; Biennial updates only; Self-reported data concerns; Countries average 38.9/100"
123,"SecureBio / NAO",80,"Metagenomic Biosecurity & AI-Bio Risk","SecureBio nonprofit developing pathogen-agnostic metagenomic early warning and LLM-based AI-bio risk assessment tools",80,83,76,72,79,78,74,85,77,80,"Pathogen-agnostic metagenomics; LLM AI-bio risk assessment; Open research approach; Gates Foundation potential; Novel detection methodology","Early stage nonprofit; Limited deployment; Small team; Unproven at scale"
124,"BioFire Defense (FilmArray)",82,"Rapid Multiplex Biothreat Diagnostics","bioMérieux defense division providing FDA-cleared rapid multiplex PCR panels for field-forward biothreat agent identification",80,83,78,76,82,82,78,90,79,86,"FDA-cleared diagnostics; <1 hour results; 22 biothreat targets; USAMRIID-validated; Field-deployable BioThreat panel","Commercial product cost; Known target panel only; Not genomic sequencing; Consumables dependency"
125,"Battelle REBS+",77,"Next-Gen Airborne Bio-Identification","Battelle Resource Effective Bio-identification System Plus - next-generation airborne biological agent identification under $93M DTRA contract (2026)",76,78,72,64,78,75,68,90,74,80,"$93M DTRA contract 2026; Automated bio-identification; Airborne threat detection; Force protection mission; Next-gen technology","Defense-restricted; In development; Limited fielding; Single-vendor dependency"
126,"Teledyne FLIR IBAC 2",76.5,"Aerosol Biological Agent Collection & Detection","Teledyne FLIR Instantaneous Bioaerosol Analysis and Collection system detecting all four classes of biological threats (spore, viral, cellular, toxin)",74,76,72,65,77,76,70,88,74,80,"4-class bio-agent detection; Worldwide military deployment; $168M NBCRV IDIQ contract; Continuous monitoring; Trigger-to-identify system","Detection not identification; High false alarm rate; Aging technology; No genomic capability"
127,"Smiths Detection BioFlash",77.5,"Rapid Biological Agent Identification","Smiths Detection BioFlash Biological Identifier - rapid, sensitive identification of biothreat agents and common diseases using CANARY technology",76,78,74,68,77,77,72,88,75,80,"CANARY biosensor technology; Rapid identification (<5min); Disease + biothreat coverage; Military & civilian use; Established defense contractor","Proprietary technology; Limited agent panel; High unit cost; Maintenance requirements"
128,"Bertin Environics ENVI Assay",74.5,"Field BWA Immunoassay Detection","Finnish military-grade lab-in-a-box biodefense immunochromatographic test system for 7 biological warfare agents including anthrax, ricin, botulinum",72,74,70,72,74,75,70,85,72,76,"Lab-in-a-box portability; 7 BWA agents covered; NATO-adopted; No power/equipment needed; Gold-standard immunoassay","Limited agent panel; No digital integration; Disposable consumables; No genomic capability"
129,"Rheinmetall NBC Field Lab",76,"Mobile CBRN Reconnaissance & Analysis","Rheinmetall mobile NBC field laboratories for military biological agent analysis and CBRN reconnaissance deployed by Bundeswehr and NATO allies",76,77,74,64,76,76,72,88,75,76,"Containerized mobile lab; Bundeswehr primary supplier; NATO interoperable; Full CBRN spectrum; Vehicle-mounted systems","Expensive military hardware; Limited bio-specific capability; European defense market; Heavy logistics footprint"
130,"Bruker CBRNE Detection",77,"Multi-Spectrum CBRNE Detection Systems","Bruker comprehensive CBRNE detection portfolio covering chemical, biological, radiation, nuclear and explosives threats for military and civil defense",76,78,75,70,78,78,74,87,76,78,"Full CBRNE spectrum coverage; Mass spectrometry expertise; Global military clients; Civil + military dual-use; German engineering quality","Broad focus not bio-specific; High cost systems; Complex operation; Requires specialist training"
131,"DORA (Disease Outbreak Risk Assessment)",78,"AI Outbreak Risk Prediction (Defense)","Gryphon Scientific/DTRA (now Deloitte) Disease Outbreak Risk Assessment tool for AI-driven country-to-country disease spread prediction and GOF risk analysis",79,82,76,64,78,76,68,90,75,76,"DTRA-developed risk modeling; Country-to-country spread prediction; Gain-of-function risk analysis; Deloitte acquisition expanded reach; AI-driven assessments","Acquired/restructured 2024; Defense-sector focused; Limited public access; Proprietary methodology"
132,"EpiHiper",81,"High-Performance Pandemic Simulation","UVA Biocomplexity Institute / DTRA-funded agent-based pandemic simulation engine for large-scale what-if epidemic scenario modeling",80,85,79,72,84,80,76,82,78,78,"Agent-based modeling at scale; DTRA-funded development; Open-source engine; COVID-19 hotspot prediction; Synthetic population modeling","Simulation not surveillance; Requires HPC resources; Steep technical barrier; Academic-focused"
133,"UK Dstl (Porton Down)",82.5,"UK Military Biodefense Research","UK Defence Science and Technology Laboratory at Porton Down - premier UK biodefense research facility providing CBW defense capabilities to British military",82,84,78,64,82,80,74,94,80,80,"100+ year Porton Down legacy; BSL-4 capability; Novichok identification expertise; DASA innovation programs; £1B+ annual revenue","UK MoD restricted; Whistleblower safety concerns 2026; Not a public platform; Heavy classification"
134,"DGA Maîtrise NRBC",77,"French Military CBRN Defense","French Direction Générale de l'Armement NRBC division providing biological threat detection and CBRN defense capabilities to French armed forces",76,78,74,60,77,74,68,90,76,76,"French military CBRN leader; OPCW-designated laboratory; BWC compliance analysis; NATO interoperable; 2nd Dragoon Regiment equipped","French MoD restricted; Limited public info; Language barrier; National focus"
135,"Bundeswehr CBRN Defence",78,"German Military CBRN Defense","German Bundeswehr CBRN defence capabilities including Institute of Pharmacology and CBRN reconnaissance for biological threat detection",77,79,75,62,78,77,72,90,78,77,"Bundeswehr Institute expertise; Rheinmetall NBC labs deployed; JCBRN COE contributor; NATO CBRN battalion ready; Strong R&D pipeline","German MoD restricted; Limited public platform; Hardware-focused; Procurement delays"
136,"NATO JCBRN Defence COE",79.5,"NATO CBRN Knowledge & Capability Hub","Joint CBRN Defence Centre of Excellence in Brno, Czech Republic - NATO accredited hub for CBRN defence doctrine, training, and capability development",79,80,76,70,80,80,78,90,82,74,"NATO accredited center; Multi-nation contribution; STEADFAST DUEL support; Doctrine development; Annual conference (Brno 2025)","Doctrine not platform; NATO-member access; No operational surveillance; Knowledge center focus"
137,"EU HERA",81,"EU Health Emergency Preparedness Authority","European Commission Health Emergency Preparedness and Response Authority - EU crisis response for cross-border biological threats and MCM procurement",82,79,77,76,83,80,76,88,82,78,"27-member state coverage; €158M health grants 2025; CBRN MCM procurement authority; EU4Health program integration; Threat assessment pipeline","Bureaucratic EU structure; Not a surveillance platform; MCM focus not detection; Young organization (2021)"
138,"IIBR (Israel Institute for Biological Research)",83,"Israeli National Biodefense Research","Israel's premier classified biological research institute at Ness Ziona - national biodefense against intentional attacks and emerging diseases",82,86,76,55,82,72,65,96,74,82,"Top-tier biodefense research; COVID-19 vaccine development; Chemical/biological countermeasures; Intelligence community integration; Decades of classified expertise","Heavily classified; No public access; Controversial programs; Minimal transparency; Not BWC signatory"
139,"VECTOR (State Research Center of Virology)",76,"Russian National Virology & Biodefense","State Research Center of Virology and Biotechnology VECTOR in Novosibirsk - one of two WHO-authorized smallpox repositories and Russian biodefense backbone",76,80,72,55,78,70,62,85,68,74,"WHO smallpox repository; Sputnik V vaccine development; BSL-4 maximum containment; 70+ year virology legacy; Russian national resource","2019 explosion incident; Transparency concerns; International isolation post-2022; Legacy Biopreparat connections"
140,"Russia 48th CBRN Institute (Sergiev Posad-6)",72,"Russian Military Biological Defense","Russian MoD 48th Central Scientific Research Institute - military biological defense facility with major expansion detected by satellite imagery (2024)",72,76,68,45,76,60,50,80,62,72,"Major facility expansion 2024; Military biodefense backbone; BW defensive research; Historical significance","Near-zero transparency; Satellite-detected expansion; Former BW program links; International concern; No external verification"
141,"China AMMS (Academy of Military Medical Sciences)",74,"Chinese Military Medical & Biodefense Research","PLA Academy of Military Medical Sciences - China's premier military biodefense institution under Central Military Commission with dual-use capabilities",76,78,72,48,78,64,55,82,65,74,"PLA primary biodefense institution; Rapid vaccine development (AD5-nCoV); Dual-use bio/chem defense; Military-Civil Fusion strategy; Large research output","No international transparency; MCF dual-use concerns; US sanctions risk; State Dept flagged; No independent verification"
142,"China CISDCP",77,"Chinese National Disease Surveillance Network","China Integrated Surveillance of Disease Control and Prevention - nationwide near-real-time infectious disease reporting system covering 1.4B population",80,78,76,58,85,72,65,80,70,82,"1.4B population coverage; Near real-time reporting; Hospital direct reporting; Bioterrorism detection capability; One Health integration evolving","Political interference in data; COVID-19 transparency failures; No international data sharing; State-controlled platform"
143,"Korea-US Joint Biosurveillance Portal",78.5,"Allied Joint Biosurveillance System","ROK-US syndromic surveillance system for joint biosurveillance on Korean peninsula including Able Response exercises and KDCA integration",79,78,76,65,79,77,74,88,80,80,"US-ROK bilateral system; Syndromic surveillance design; Safe Korea exercises; Bioterrorism focus; KDCA integration","Bilateral access only; Korean peninsula focus; Exercise-driven development; Limited public documentation"
144,"Japan NIID / JSDF CBRN",78,"Japanese National & Military Biodefense","Japan National Institute of Infectious Diseases and JSDF CBRN capabilities including US-Japan biosurveillance innovation challenge",79,79,77,68,79,78,74,86,77,78,"Advanced BSL-4 lab; US-Japan innovation challenge; JSDF CBRN training with US; High-quality research output; Aum Shinrikyo response legacy","Domestic focus primarily; Language barrier; Conservative innovation; Limited military bio-integration"
145,"Australia DSTG CBRN",79,"Australian Military CBRN Defense Research","Defence Science and Technology Group CBRN research program - Australia's military CBRN defense research including biological detection and decontamination",78,80,76,66,79,78,74,90,78,77,"STAR Shots CBRN program; Five Eyes intelligence sharing; AUKUS bio-defense potential; CBRN Advisory Group; Strong academic partnerships","Small scale relative to US; Limited bio-specific focus; Geographic isolation; Funding constraints"
146,"DRDC Suffield (Canada)",79.5,"Canadian Military CBRN Defense Research","Defence Research and Development Canada Suffield Research Centre - Canadian biological threat defense including live-agent training and NATO ally support",78,80,76,65,78,78,76,90,80,77,"Live-agent CBRN training; NATO ally training host; 13 NATO allies trained annually; New BSL facility planned 2025; BioThreat Defence Section","Aging 1950s infrastructure; New lab in design phase; Canadian MoD restricted; Small research community"
147,"India DRDO Biodefense (DFRL/CFEES)",75,"Indian Military Biodefense Research","DRDO Defence Food Research Laboratory and Centre for Fire, Explosive & Environment Safety providing biological agent detection and BSL-4 capabilities",74,76,72,60,77,72,66,84,72,74,"New BSL-4 lab inaugurated 2024; 52 DRDO laboratory network; Growing capability; MAAREECH detection system; Indigenous development focus","Developing capability; Limited bio-specific platforms; Bureaucratic procurement; No public access"
148,"Africa CDC AGARI",79,"Pan-African Pathogen Genomic Surveillance","Africa Genome Archiving for Response and Insight - continent-wide pathogen genomic data sharing platform launched Nov 2025 with biosecurity integration",80,78,77,74,80,77,76,80,79,78,"55 AU member states; $100M+ investment; Launched November 2025; Biosecurity 5-year plan; Pathogen genomics focus","Very new platform; Infrastructure challenges; Variable capacity across nations; Data sharing barriers"
149,"JEE (WHO Joint External Evaluation)",78,"IHR Compliance & Biosecurity Assessment","WHO standardized Joint External Evaluation tool measuring 19 technical areas of IHR compliance including biosafety, biosecurity, and surveillance for 110+ countries",80,77,75,78,82,82,80,82,78,68,"110+ country evaluations; IHR compliance standard; 19 technical areas; Voluntary transparency; GHSA framework","Assessment not surveillance; Voluntary participation; Self-reporting bias; Infrequent updates"
150,"Federal Select Agent Program",74,"US Bioterrorism Agent Regulatory Database","CDC/APHIS regulatory program overseeing possession, use and transfer of 67 select biological agents and toxins with security risk potential",74,72,70,70,76,78,72,92,72,70,"67 select agents regulated; CDC/APHIS dual oversight; Biosafety/biosecurity standard; Criminal penalties enforcement; Public agent list","Regulatory not surveillance; US domestic only; Administrative burden; No threat detection capability"
151,"JPEO-CBRND Capabilities",82,"US DoD CBRN Defense Acquisition Executive","Joint Program Executive Office for CBRN Defense - manages $1.6B+ Chemical and Biological Defense Program delivering CBRN defense capabilities to all US services",82,82,78,66,85,82,76,94,82,80,"$1.6B+ CBDP budget; All-service CBRN capability; FY25 Capabilities Catalog; Detection to decon coverage; 2023 Biodefense Posture Review","Acquisition not operations; Bureaucratic procurement; Multi-year development cycles; Not a single platform"
152,"USAID PREDICT",80,"Global Zoonotic Virus Discovery","USAID-funded program that discovered 1,200+ novel viruses across 35 countries by sampling 160,000+ animals - foundational to pandemic preparedness",82,81,78,76,82,80,78,80,80,74,"1,200+ novel viruses found; 35 country deployments; 160,000+ animals sampled; One Health surveillance pioneer; $200M+ invested over 10 years","Defunded under Trump 2019; Not currently operational; Discovery not response; Partner capacity variable"
153,"North Korea Bio Program (Assessed)",55,"Assessed State Biological Weapons Capability","Assessed DPRK biological weapons program - estimated 13 pathogen agents including anthrax, smallpox, plague; no verified surveillance platform",50,55,45,30,60,40,35,75,40,55,"Assessed 13 BW agents; Dual-use pharmaceutical infrastructure; State-level investment","No verified platform; Zero transparency; International isolation; Assessed capability only; BWC non-compliance suspected"
154,"BEACON (BU/HealthMap)",83.5,"Open-Source AI Epidemic Surveillance","Biothreats Emergence Analysis and Communications Network - open-source AI+human expert global disease surveillance platform launched April 2025 by Boston University CEID",85,84,82,84,82,80,80,82,82,85,"Open-source & open-access; PandemIQ LLM-powered; 17 language NLP scanning; $6M NSF/Gates funded; HealthMap co-directed; Near real-time outbreak detection; Human expert verification network","Launched Apr 2025 (new); Scaling challenges; Funding sustainability; Event-based not genomic"
155,"GPAP (Global Pathogen Analysis Platform)",82.5,"Global Genomic Pathogen Analysis","DTU/Novo Nordisk Foundation funded Global Pathogen Analysis Platform providing free AI-based genomic analytical toolkit for scientists and public health authorities worldwide",84,85,80,82,83,80,78,82,83,80,"DKK 200M (~$28M) Novo Nordisk funding; Free global access; AI-based analytical toolkit; DTU + SSI Denmark collaboration; Build started Jan 2026; WEF highlighted","Under construction (2026 launch); Unproven at scale; Nordic-centric leadership; Limited track record"
156,"PPX (CEPI Pandemic Preparedness Engine)",79,"AI-Powered Pandemic Preparedness R&D","CEPI-led Pandemic Preparedness Exchange - world's first global AI-factory platform for rapid infectious disease risk identification supporting G7 100 Days Mission",80,82,76,72,80,78,76,82,78,78,"G7-endorsed 100 Days Mission; CEPI-led global initiative; AI-factory architecture; Vaccine R&D acceleration; Announced Davos Jan 2026","Pre-operational stage; Vaccine-centric not surveillance; Multilateral complexity; Funding dependent"
157,"Santé",72,"AI Epidemic Intelligence as a Service","Columbia University health tech startup delivering epidemic intelligence using ML, AI, and geospatial analytics for early detection and prediction",74,76,73,70,72,68,65,72,71,74,"ML/AI-powered detection; Geospatial analytics; Columbia University origin; Epidemic Intelligence as a Service","Very early-stage startup; Limited deployment; Small team; No proven track record; Pre-revenue"
158,"Pandemic PACT Tracker",78.5,"Global Pandemic Research Funding Intelligence","WHO/Wellcome Trust Pandemic Preparedness Analytical Capacity and Funding Tracker - monitors 20,000+ research grants and global pandemic preparedness investments",82,78,80,82,79,80,76,78,78,74,"20,362+ grants tracked; WHO Hub collaboration; Wellcome Trust funded; Public access dashboard; 23 priority area coverage; Living mapping review","Funding tracker not surveillance; Research grants focus only; No pathogen detection; Dependent on funder reporting"
159,"DARPA PANACEA",78,"Multi-Target Military Therapeutics Platform","DARPA program developing integrated platform for rapid prediction, synthesis and testing of novel multi-target therapeutics for warfighter physiological needs",77,80,74,62,78,76,66,92,74,76,"Multi-target drug discovery; AI-guided pharmacology; Warfighter optimization focus; Novel therapeutic modalities; Active through 2026","Therapeutics not surveillance; Research program only; Military-restricted; Not operational platform"
160,"DARPA SIGMA+",80.5,"Urban CBRN Threat Detection Network","DARPA SIGMA+ expanding advanced sensor networks for real-time detection of chemical, biological, radiological and nuclear threats in urban environments",80,82,78,64,82,78,70,92,78,84,"City-scale sensor network; ChemSIGMA bio extension; NY/NJ Port Authority deployed; Real-time CBRN mapping; Multi-modal threat fusion","Primarily rad/nuc focus; Bio detection still maturing; Government-restricted; Sensor logistics complex"
161,"JUPITR",74,"US Forces Korea Biosurveillance","Joint US Forces Korea Portal and Integrated Threat Recognition - portable biological detection and biosurveillance network at Korean military installations",74,74,72,58,75,72,65,88,72,76,"Korea peninsula focused; Battelle aerosol technology; Dugway Proving Ground tested; US-ROK force protection; SRC Inc. contractor","Korea-specific deployment; Aging system (2013-era); Limited bio-identification; Installation-bound"
162,"EMBD (Enhanced Maritime Biological Detection)",78,"Navy Shipboard Bio-Agent Detection","JPEO-CBRND Enhanced Maritime Biological Detection system - upgrade to JBPDS providing automated airborne bio-agent detection and identification for US Navy ships",76,79,74,60,78,76,70,92,75,82,"Near real-time bio detection at sea; JBPDS upgrade (faster, better); Chemring TACBIO integration; Fleet-wide deployment planned; Automated collect-detect-identify","Navy-only platform; Shipboard constraints; Limited agent panel; Expensive per-unit cost"
163,"AVCAD (Aerosol Vapor Chemical Agent Detector)",76,"Next-Gen Portable CBRN Detection","JPEO-CBRND next-generation man-portable chemical/aerosol agent detector by Smiths Detection for joint force CBRN defense with biological detection extension",74,76,72,64,77,76,70,90,74,78,"Next-gen chemical detection; Man-portable system; Wireless remote alarm; Low-level vapor detection; Smiths Detection developed","Chemical-primary focus; Bio detection limited; In development; High per-unit cost"
164,"Chemring TACBIO / JBTDS",78.5,"Advanced Biological Point Detection","Chemring Sensors tactical biological detector and Joint Biological Tactical Detection System for advanced point bio-agent detection with reduced false alarms",76,79,74,66,78,77,72,88,76,82,"TACBIO 2 patent agreement with DEVCOM CBC; Lowest false alarm rate in class; JBTDS trigger-based detection; EMBD integration partner; Multi-nation deployments","Defense-only market; Hardware-dependent; Limited bio-identification; Consumables logistics"
165,"EpiNow2",77,"Real-Time Epidemic Forecasting R Package","Open-source R package for estimating time-varying reproduction number, growth rate and doubling time of infectious disease outbreaks in real-time",76,82,76,78,75,80,78,72,76,80,"Open-source R package; Rt estimation gold standard; CRAN published; Active development (v1.8+); BU Disease RT integration; Academic citation standard","R-only (technical barrier); Requires clean data inputs; Not a platform per se; No built-in visualization dashboard"
166,"Google Earth Engine / Health Map AI",79.5,"Geospatial AI for Disease Ecology","Google Earth Engine combined with AI models for environmental and epidemiological surveillance - used by WHO/FAO for vector-borne disease risk mapping and climate-health forecasting",84,82,85,76,84,80,78,76,78,76,"Planetary-scale geospatial analysis; WHO/FAO partnership; Climate-disease correlation; Free for research use; Satellite + ground truth fusion; Vector-borne disease habitat modeling","Not disease-specific platform; Requires GIS expertise; Google cloud dependency; Limited pathogen detection; Environmental focus not clinical"
167,"KIDA Biosecurity Analysis (Korea)",74.5,"Korean Defense Biodefense Analysis","Korea Institute for Defense Analyses biosecurity and CBRN threat assessment division providing policy analysis and defense capability evaluation for ROK military biodefense",75,76,72,62,75,74,68,86,72,72,"ROK defense think tank; CBRN policy analysis; US-ROK alliance integration; Korean peninsula threat assessment; Government advisory role","Policy analysis not platform; Korean-language primarily; Limited public access; Assessment not surveillance; Small biodefense division"
168,"EIOS 2.0 (WHO Enhanced)",72,"Next-Gen Epidemic Intelligence from Open Sources","WHO upgraded Epidemic Intelligence from Open Sources platform with enhanced AI/ML capabilities for automated event detection across news, social media and official reports in 60+ languages",75,74,72,72,74,72,70,74,72,74,"60+ language NLP monitoring; WHO-led global platform; AI-enhanced event detection; Official + social media fusion; Multi-hazard coverage","Restricted WHO/member state access; Event-based not genomic; Signal noise challenges; Upgrade still rolling out; Limited public interface"
